index,synset,words,categories
0,n01440764,"tench, Tinca tinca",fish
1,n01443537,"goldfish, Carassius auratus",fish
2,n01484850,"great white shark, white shark, man-eater, man-eating shark, Carcharodon carcharias",shark
3,n01491361,"tiger shark, Galeocerdo cuvieri",shark
4,n01494475,"hammerhead, hammerhead shark",shark
5,n01496331,"electric ray, crampfish, numbfish, torpedo",fish
6,n01498041,stingray,fish
7,n01514668,cock,bird
8,n01514859,hen,bird
9,n01518878,"ostrich, Struthio camelus",bird
10,n01530575,"brambling, Fringilla montifringilla",bird
11,n01531178,"goldfinch, Carduelis carduelis",bird
12,n01532829,"house finch, linnet, Carpodacus mexicanus",bird
13,n01534433,"junco, snowbird",bird
14,n01537544,"indigo bunting, indigo finch, indigo bird, Passerina cyanea",bird
15,n01558993,"robin, American robin, Turdus migratorius",bird
16,n01560419,bulbul,bird
17,n01580077,jay,bird
18,n01582220,magpie,bird
19,n01592084,chickadee,bird
20,n01601694,"water ouzel, dipper",bird
21,n01608432,kite,bird
22,n01614925,"bald eagle, American eagle, Haliaeetus leucocephalus",bird
23,n01616318,vulture,bird
24,n01622779,"great grey owl, great gray owl, Strix nebulosa",bird
25,n01629819,"European fire salamander, Salamandra salamandra",salamander
26,n01630670,"common newt, Triturus vulgaris",salamander
27,n01631663,eft,salamander
28,n01632458,"spotted salamander, Ambystoma maculatum",salamander
29,n01632777,"axolotl, mud puppy, Ambystoma mexicanum",salamander
30,n01641577,"bullfrog, Rana catesbeiana",frog
31,n01644373,"tree frog, tree-frog",frog
32,n01644900,"tailed frog, bell toad, ribbed toad, tailed toad, Ascaphus trui",frog
33,n01664065,"loggerhead, loggerhead turtle, Caretta caretta",turtle
34,n01665541,"leatherback turtle, leatherback, leathery turtle, Dermochelys coriacea",turtle
35,n01667114,mud turtle,turtle
36,n01667778,terrapin,turtle
37,n01669191,"box turtle, box tortoise",turtle
38,n01675722,banded gecko,lizard
39,n01677366,"common iguana, iguana, Iguana iguana",lizard
40,n01682714,"American chameleon, anole, Anolis carolinensis",lizard
41,n01685808,"whiptail, whiptail lizard",lizard
42,n01687978,agama,lizard
43,n01688243,"frilled lizard, Chlamydosaurus kingi",lizard
44,n01689811,alligator lizard,lizard
45,n01692333,"Gila monster, Heloderma suspectum",lizard
46,n01693334,"green lizard, Lacerta viridis",lizard
47,n01694178,"African chameleon, Chamaeleo chamaeleon",lizard
48,n01695060,"Komodo dragon, Komodo lizard, dragon lizard, giant lizard, Varanus komodoensis",lizard
49,n01697457,"African crocodile, Nile crocodile, Crocodylus niloticus",crocodile
50,n01698640,"American alligator, Alligator mississipiensis",crocodile
51,n01704323,triceratops,dinosaur
52,n01728572,"thunder snake, worm snake, Carphophis amoenus",snake
53,n01728920,"ringneck snake, ring-necked snake, ring snake",snake
54,n01729322,"hognose snake, puff adder, sand viper",snake
55,n01729977,"green snake, grass snake",snake
56,n01734418,"king snake, kingsnake",snake
57,n01735189,"garter snake, grass snake",snake
58,n01737021,water snake,snake
59,n01739381,vine snake,snake
60,n01740131,"night snake, Hypsiglena torquata",snake
61,n01742172,"boa constrictor, Constrictor constrictor",snake
62,n01744401,"rock python, rock snake, Python sebae",snake
63,n01748264,"Indian cobra, Naja naja",snake
64,n01749939,green mamba,snake
65,n01751748,sea snake,fish
66,n01753488,"horned viper, cerastes, sand viper, horned asp, Cerastes cornutus",snake
67,n01755581,"diamondback, diamondback rattlesnake, Crotalus adamanteus",snake
68,n01756291,"sidewinder, horned rattlesnake, Crotalus cerastes",snake
69,n01768244,trilobite,trilobite
70,n01770081,"harvestman, daddy longlegs, Phalangium opilio",arachnid
71,n01770393,scorpion,arachnid
72,n01773157,"black and gold garden spider, Argiope aurantia",arachnid
73,n01773549,"barn spider, Araneus cavaticus",arachnid
74,n01773797,"garden spider, Aranea diademata",arachnid
75,n01774384,"black widow, Latrodectus mactans",arachnid
76,n01774750,tarantula,arachnid
77,n01775062,"wolf spider, hunting spider",arachnid
78,n01776313,tick,bug
79,n01784675,centipede,bug
80,n01795545,black grouse,bird
81,n01796340,ptarmigan,bird
82,n01797886,"ruffed grouse, partridge, Bonasa umbellus",bird
83,n01798484,"prairie chicken, prairie grouse, prairie fowl",bird
84,n01806143,peacock,bird
85,n01806567,quail,bird
86,n01807496,partridge,bird
87,n01817953,"African grey, African gray, Psittacus erithacus",bird
88,n01818515,macaw,bird
89,n01819313,"sulphur-crested cockatoo, Kakatoe galerita, Cacatua galerita",bird
90,n01820546,lorikeet,bird
91,n01824575,coucal,bird
92,n01828970,bee eater,bird
93,n01829413,hornbill,bird
94,n01833805,hummingbird,bird
95,n01843065,jacamar,bird
96,n01843383,toucan,bird
97,n01847000,drake,bird
98,n01855032,"red-breasted merganser, Mergus serrator",bird
99,n01855672,goose,bird
100,n01860187,"black swan, Cygnus atratus",bird
101,n01871265,tusker,ungulate
102,n01872401,"echidna, spiny anteater, anteater",monotreme
103,n01873310,"platypus, duckbill, duckbilled platypus, duck-billed platypus, Ornithorhynchus anatinus",monotreme
104,n01877812,"wallaby, brush kangaroo",marsupial
105,n01882714,"koala, koala bear, kangaroo bear, native bear, Phascolarctos cinereus",marsupial
106,n01883070,wombat,marsupial
107,n01910747,jellyfish,fish
108,n01914609,"sea anemone, anemone",coral
109,n01917289,brain coral,coral
110,n01924916,"flatworm, platyhelminth",bug
111,n01930112,"nematode, nematode worm, roundworm",bug
112,n01943899,conch,mollusk
113,n01944390,snail,mollusk
114,n01945685,slug,mollusk
115,n01950731,"sea slug, nudibranch",mollusk
116,n01955084,"chiton, coat-of-mail shell, sea cradle, polyplacophore",mollusk
117,n01968897,"chambered nautilus, pearly nautilus, nautilus",mollusk
118,n01978287,"Dungeness crab, Cancer magister",crustacean
119,n01978455,"rock crab, Cancer irroratus",crustacean
120,n01980166,fiddler crab,crustacean
121,n01981276,"king crab, Alaska crab, Alaskan king crab, Alaska king crab, Paralithodes camtschatica",crustacean
122,n01983481,"American lobster, Northern lobster, Maine lobster, Homarus americanus",crustacean
123,n01984695,"spiny lobster, langouste, rock lobster, crawfish, crayfish, sea crawfish",crustacean
124,n01985128,"crayfish, crawfish, crawdad, crawdaddy",crustacean
125,n01986214,hermit crab,crustacean
126,n01990800,isopod,crustacean
127,n02002556,"white stork, Ciconia ciconia",bird
128,n02002724,"black stork, Ciconia nigra",bird
129,n02006656,spoonbill,bird
130,n02007558,flamingo,bird
131,n02009229,"little blue heron, Egretta caerulea",bird
132,n02009912,"American egret, great white heron, Egretta albus",bird
133,n02011460,bittern,bird
134,n02012849,crane,bird
135,n02013706,"limpkin, Aramus pictus",bird
136,n02017213,"European gallinule, Porphyrio porphyrio",bird
137,n02018207,"American coot, marsh hen, mud hen, water hen, Fulica americana",bird
138,n02018795,bustard,bird
139,n02025239,"ruddy turnstone, Arenaria interpres",bird
140,n02027492,"red-backed sandpiper, dunlin, Erolia alpina",bird
141,n02028035,"redshank, Tringa totanus",bird
142,n02033041,dowitcher,bird
143,n02037110,"oystercatcher, oyster catcher",bird
144,n02051845,pelican,bird
145,n02056570,"king penguin, Aptenodytes patagonica",bird
146,n02058221,"albatross, mollymawk",bird
147,n02066245,"grey whale, gray whale, devilfish, Eschrichtius gibbosus, Eschrichtius robustus",marine mammals
148,n02071294,"killer whale, killer, orca, grampus, sea wolf, Orcinus orca",marine mammals
149,n02074367,"dugong, Dugong dugon",marine mammals
150,n02077923,sea lion,marine mammals
151,n02085620,Chihuahua,dog
152,n02085782,Japanese spaniel,dog
153,n02085936,"Maltese dog, Maltese terrier, Maltese",dog
154,n02086079,"Pekinese, Pekingese, Peke",dog
155,n02086240,Shih-Tzu,dog
156,n02086646,Blenheim spaniel,dog
157,n02086910,papillon,dog
158,n02087046,toy terrier,dog
159,n02087394,Rhodesian ridgeback,dog
160,n02088094,"Afghan hound, Afghan",dog
161,n02088238,"basset, basset hound",dog
162,n02088364,beagle,dog
163,n02088466,"bloodhound, sleuthhound",dog
164,n02088632,bluetick,dog
165,n02089078,black-and-tan coonhound,dog
166,n02089867,"Walker hound, Walker foxhound",dog
167,n02089973,English foxhound,dog
168,n02090379,redbone,dog
169,n02090622,"borzoi, Russian wolfhound",dog
170,n02090721,Irish wolfhound,dog
171,n02091032,Italian greyhound,dog
172,n02091134,whippet,dog
173,n02091244,"Ibizan hound, Ibizan Podenco",dog
174,n02091467,"Norwegian elkhound, elkhound",dog
175,n02091635,"otterhound, otter hound",dog
176,n02091831,"Saluki, gazelle hound",dog
177,n02092002,"Scottish deerhound, deerhound",dog
178,n02092339,Weimaraner,dog
179,n02093256,"Staffordshire bullterrier, Staffordshire bull terrier",dog
180,n02093428,"American Staffordshire terrier, Staffordshire terrier, American pit bull terrier, pit bull terrier",dog
181,n02093647,Bedlington terrier,dog
182,n02093754,Border terrier,dog
183,n02093859,Kerry blue terrier,dog
184,n02093991,Irish terrier,dog
185,n02094114,Norfolk terrier,dog
186,n02094258,Norwich terrier,dog
187,n02094433,Yorkshire terrier,dog
188,n02095314,wire-haired fox terrier,dog
189,n02095570,Lakeland terrier,dog
190,n02095889,"Sealyham terrier, Sealyham",dog
191,n02096051,"Airedale, Airedale terrier",dog
192,n02096177,"cairn, cairn terrier",dog
193,n02096294,Australian terrier,dog
194,n02096437,"Dandie Dinmont, Dandie Dinmont terrier",dog
195,n02096585,"Boston bull, Boston terrier",dog
196,n02097047,miniature schnauzer,dog
197,n02097130,giant schnauzer,dog
198,n02097209,standard schnauzer,dog
199,n02097298,"Scotch terrier, Scottish terrier, Scottie",dog
200,n02097474,"Tibetan terrier, chrysanthemum dog",dog
201,n02097658,"silky terrier, Sydney silky",dog
202,n02098105,soft-coated wheaten terrier,dog
203,n02098286,West Highland white terrier,dog
204,n02098413,"Lhasa, Lhasa apso",dog
205,n02099267,flat-coated retriever,dog
206,n02099429,curly-coated retriever,dog
207,n02099601,golden retriever,dog
208,n02099712,Labrador retriever,dog
209,n02099849,Chesapeake Bay retriever,dog
210,n02100236,German short-haired pointer,dog
211,n02100583,"vizsla, Hungarian pointer",dog
212,n02100735,English setter,dog
213,n02100877,"Irish setter, red setter",dog
214,n02101006,Gordon setter,dog
215,n02101388,Brittany spaniel,dog
216,n02101556,"clumber, clumber spaniel",dog
217,n02102040,"English springer, English springer spaniel",dog
218,n02102177,Welsh springer spaniel,dog
219,n02102318,"cocker spaniel, English cocker spaniel, cocker",dog
220,n02102480,Sussex spaniel,dog
221,n02102973,Irish water spaniel,dog
222,n02104029,kuvasz,dog
223,n02104365,schipperke,dog
224,n02105056,groenendael,dog
225,n02105162,malinois,dog
226,n02105251,briard,dog
227,n02105412,kelpie,dog
228,n02105505,komondor,dog
229,n02105641,"Old English sheepdog, bobtail",dog
230,n02105855,"Shetland sheepdog, Shetland sheep dog, Shetland",dog
231,n02106030,collie,dog
232,n02106166,Border collie,dog
233,n02106382,"Bouvier des Flandres, Bouviers des Flandres",dog
234,n02106550,Rottweiler,dog
235,n02106662,"German shepherd, German shepherd dog, German police dog, alsatian",dog
236,n02107142,"Doberman, Doberman pinscher",dog
237,n02107312,miniature pinscher,dog
238,n02107574,Greater Swiss Mountain dog,dog
239,n02107683,Bernese mountain dog,dog
240,n02107908,Appenzeller,dog
241,n02108000,EntleBucher,dog
242,n02108089,boxer,dog
243,n02108422,bull mastiff,dog
244,n02108551,Tibetan mastiff,dog
245,n02108915,French bulldog,dog
246,n02109047,Great Dane,dog
247,n02109525,"Saint Bernard, St Bernard",dog
248,n02109961,"Eskimo dog, husky",dog
249,n02110063,"malamute, malemute, Alaskan malamute",dog
250,n02110185,Siberian husky,dog
251,n02110341,"dalmatian, coach dog, carriage dog",dog
252,n02110627,"affenpinscher, monkey pinscher, monkey dog",dog
253,n02110806,basenji,dog
254,n02110958,"pug, pug-dog",dog
255,n02111129,Leonberg,dog
256,n02111277,"Newfoundland, Newfoundland dog",dog
257,n02111500,Great Pyrenees,dog
258,n02111889,"Samoyed, Samoyede",dog
259,n02112018,Pomeranian,dog
260,n02112137,"chow, chow chow",dog
261,n02112350,keeshond,dog
262,n02112706,Brabancon griffon,dog
263,n02113023,"Pembroke, Pembroke Welsh corgi",dog
264,n02113186,"Cardigan, Cardigan Welsh corgi",dog
265,n02113624,toy poodle,dog
266,n02113712,miniature poodle,dog
267,n02113799,standard poodle,dog
268,n02113978,Mexican hairless,dog
269,n02114367,"timber wolf, grey wolf, gray wolf, Canis lupus",wild dog
270,n02114548,"white wolf, Arctic wolf, Canis lupus tundrarum",wild dog
271,n02114712,"red wolf, maned wolf, Canis rufus, Canis niger",wild dog
272,n02114855,"coyote, prairie wolf, brush wolf, Canis latrans",wild dog
273,n02115641,"dingo, warrigal, warragal, Canis dingo",wild dog
274,n02115913,"dhole, Cuon alpinus",wild dog
275,n02116738,"African hunting dog, hyena dog, Cape hunting dog, Lycaon pictus",dog
276,n02117135,"hyena, hyaena",wild dog
277,n02119022,"red fox, Vulpes vulpes",wild dog
278,n02119789,"kit fox, Vulpes macrotis",wild dog
279,n02120079,"Arctic fox, white fox, Alopex lagopus",wild dog
280,n02120505,"grey fox, gray fox, Urocyon cinereoargenteus",wild dog
281,n02123045,"tabby, tabby cat",cat
282,n02123159,tiger cat,wild cat
283,n02123394,Persian cat,cat
284,n02123597,"Siamese cat, Siamese",cat
285,n02124075,Egyptian cat,cat
286,n02125311,"cougar, puma, catamount, mountain lion, painter, panther, Felis concolor",wild cat
287,n02127052,"lynx, catamount",wild cat
288,n02128385,"leopard, Panthera pardus",wild cat
289,n02128757,"snow leopard, ounce, Panthera uncia",wild cat
290,n02128925,"jaguar, panther, Panthera onca, Felis onca",wild cat
291,n02129165,"lion, king of beasts, Panthera leo",wild cat
292,n02129604,"tiger, Panthera tigris",wild cat
293,n02130308,"cheetah, chetah, Acinonyx jubatus",wild cat
294,n02132136,"brown bear, bruin, Ursus arctos",bear
295,n02133161,"American black bear, black bear, Ursus americanus, Euarctos americanus",bear
296,n02134084,"ice bear, polar bear, Ursus Maritimus, Thalarctos maritimus",bear
297,n02134418,"sloth bear, Melursus ursinus, Ursus ursinus",sloth
298,n02137549,mongoose,mongoose
299,n02138441,"meerkat, mierkat",mongoose
300,n02165105,tiger beetle,bug
301,n02165456,"ladybug, ladybeetle, lady beetle, ladybird, ladybird beetle",bug
302,n02167151,"ground beetle, carabid beetle",bug
303,n02168699,"long-horned beetle, longicorn, longicorn beetle",bug
304,n02169497,"leaf beetle, chrysomelid",bug
305,n02172182,dung beetle,bug
306,n02174001,rhinoceros beetle,bug
307,n02177972,weevil,bug
308,n02190166,fly,bug
309,n02206856,bee,bug
310,n02219486,"ant, emmet, pismire",bug
311,n02226429,"grasshopper, hopper",bug
312,n02229544,cricket,bug
313,n02231487,"walking stick, walkingstick, stick insect",bug
314,n02233338,"cockroach, roach",bug
315,n02236044,"mantis, mantid",bug
316,n02256656,"cicada, cicala",bug
317,n02259212,leafhopper,bug
318,n02264363,"lacewing, lacewing fly",bug
319,n02268443,"dragonfly, darning needle, devil's darning needle, sewing needle, snake feeder, snake doctor, mosquito hawk, skeeter hawk",bug
320,n02268853,damselfly,bug
321,n02276258,admiral,butterfly
322,n02277742,"ringlet, ringlet butterfly",butterfly
323,n02279972,"monarch, monarch butterfly, milkweed butterfly, Danaus plexippus",butterfly
324,n02280649,cabbage butterfly,butterfly
325,n02281406,"sulphur butterfly, sulfur butterfly",butterfly
326,n02281787,"lycaenid, lycaenid butterfly",butterfly
327,n02317335,"starfish, sea star",echinoderms
328,n02319095,sea urchin,echinoderms
329,n02321529,"sea cucumber, holothurian",echinoderms
330,n02325366,"wood rabbit, cottontail, cottontail rabbit",rabbit
331,n02326432,hare,rabbit
332,n02328150,"Angora, Angora rabbit",rabbit
333,n02342885,hamster,rodent
334,n02346627,"porcupine, hedgehog",rodent
335,n02356798,"fox squirrel, eastern fox squirrel, Sciurus niger",rodent
336,n02361337,marmot,rodent
337,n02363005,beaver,rodent
338,n02364673,"guinea pig, Cavia cobaya",rodent
339,n02389026,sorrel,plant
340,n02391049,zebra,ungulate
341,n02395406,"hog, pig, grunter, squealer, Sus scrofa",hog
342,n02396427,"wild boar, boar, Sus scrofa",hog
343,n02397096,warthog,hog
344,n02398521,"hippopotamus, hippo, river horse, Hippopotamus amphibius",ungulate
345,n02403003,ox,ungulate
346,n02408429,"water buffalo, water ox, Asiatic buffalo, Bubalus bubalis",ungulate
347,n02410509,bison,ungulate
348,n02412080,"ram, tup",ungulate
349,n02415577,"bighorn, bighorn sheep, cimarron, Rocky Mountain bighorn, Rocky Mountain sheep, Ovis canadensis",ungulate
350,n02417914,"ibex, Capra ibex",ungulate
351,n02422106,hartebeest,ungulate
352,n02422699,"impala, Aepyceros melampus",ungulate
353,n02423022,gazelle,ungulate
354,n02437312,"Arabian camel, dromedary, Camelus dromedarius",ungulate
355,n02437616,llama,ungulate
356,n02441942,weasel,ferret
357,n02442845,mink,ferret
358,n02443114,"polecat, fitch, foulmart, foumart, Mustela putorius",ferret
359,n02443484,"black-footed ferret, ferret, Mustela nigripes",ferret
360,n02444819,otter,ferret
361,n02445715,"skunk, polecat, wood pussy",ferret
362,n02447366,badger,ferret
363,n02454379,armadillo,armadillo
364,n02457408,"three-toed sloth, ai, Bradypus tridactylus",sloth
365,n02480495,"orangutan, orang, orangutang, Pongo pygmaeus",primate
366,n02480855,"gorilla, Gorilla gorilla",primate
367,n02481823,"chimpanzee, chimp, Pan troglodytes",primate
368,n02483362,"gibbon, Hylobates lar",primate
369,n02483708,"siamang, Hylobates syndactylus, Symphalangus syndactylus",primate
370,n02484975,"guenon, guenon monkey",primate
371,n02486261,"patas, hussar monkey, Erythrocebus patas",primate
372,n02486410,baboon,primate
373,n02487347,macaque,primate
374,n02488291,langur,primate
375,n02488702,"colobus, colobus monkey",primate
376,n02489166,"proboscis monkey, Nasalis larvatus",primate
377,n02490219,marmoset,primate
378,n02492035,"capuchin, ringtail, Cebus capucinus",primate
379,n02492660,"howler monkey, howler",primate
380,n02493509,"titi, titi monkey",primate
381,n02493793,"spider monkey, Ateles geoffroyi",primate
382,n02494079,"squirrel monkey, Saimiri sciureus",primate
383,n02497673,"Madagascar cat, ring-tailed lemur, Lemur catta",mongoose
384,n02500267,"indri, indris, Indri indri, Indri brevicaudatus",primate
385,n02504013,"Indian elephant, Elephas maximus",ungulate
386,n02504458,"African elephant, Loxodonta africana",ungulate
387,n02509815,"lesser panda, red panda, panda, bear cat, cat bear, Ailurus fulgens",bear
388,n02510455,"giant panda, panda, panda bear, coon bear, Ailuropoda melanoleuca",bear
389,n02514041,"barracouta, snoek",fish
390,n02526121,eel,fish
391,n02536864,"coho, cohoe, coho salmon, blue jack, silver salmon, Oncorhynchus kisutch",shark
392,n02606052,"rock beauty, Holocanthus tricolor",coral
393,n02607072,anemone fish,fish
394,n02640242,sturgeon,fish
395,n02641379,"gar, garfish, garpike, billfish, Lepisosteus osseus",fish
396,n02643566,lionfish,fish
397,n02655020,"puffer, pufferfish, blowfish, globefish",fish
398,n02666196,abacus,technology
399,n02667093,abaya,clothing
400,n02669723,"academic gown, academic robe, judge's robe",clothing
401,n02672831,"accordion, piano accordion, squeeze box",instrument
402,n02676566,acoustic guitar,instrument
403,n02687172,"aircraft carrier, carrier, flattop, attack aircraft carrier",boat
404,n02690373,airliner,aircraft
405,n02692877,"airship, dirigible",aircraft
406,n02699494,altar,furniture
407,n02701002,ambulance,vehicle
408,n02704792,"amphibian, amphibious vehicle",vehicle
409,n02708093,analog clock,decor
410,n02727426,"apiary, bee house",outdoor scene
411,n02730930,apron,clothing
412,n02747177,"ashcan, trash can, garbage can, wastebin, ash bin, ash-bin, ashbin, dustbin, trash barrel, trash bin",furniture
413,n02749479,"assault rifle, assault gun",weapon
414,n02769748,"backpack, back pack, knapsack, packsack, rucksack, haversack",accessory
415,n02776631,"bakery, bakeshop, bakehouse",building
416,n02777292,"balance beam, beam",sports equipment
417,n02782093,balloon,toy
418,n02783161,"ballpoint, ballpoint pen, ballpen, Biro",tool
419,n02786058,Band Aid,other
420,n02787622,banjo,instrument
421,n02788148,"bannister, banister, balustrade, balusters, handrail",furniture
422,n02790996,barbell,sports equipment
423,n02791124,barber chair,furniture
424,n02791270,barbershop,building
425,n02793495,barn,building
426,n02794156,barometer,technology
427,n02795169,"barrel, cask",container
428,n02797295,"barrow, garden cart, lawn cart, wheelbarrow",tool
429,n02799071,baseball,ball
430,n02802426,basketball,ball
431,n02804414,bassinet,furniture
432,n02804610,bassoon,instrument
433,n02807133,"bathing cap, swimming cap",hat
434,n02808304,bath towel,decor
435,n02808440,"bathtub, bathing tub, bath, tub",furniture
436,n02814533,"beach wagon, station wagon, wagon, estate car, beach waggon, station waggon, waggon",vehicle
437,n02814860,"beacon, lighthouse, beacon light, pharos",building
438,n02815834,beaker,lab equipment
439,n02817516,"bearskin, busby, shako",hat
440,n02823428,beer bottle,food
441,n02823750,beer glass,food
442,n02825657,"bell cote, bell cot",building
443,n02834397,bib,clothing
444,n02835271,"bicycle-built-for-two, tandem bicycle, tandem",vehicle
445,n02837789,"bikini, two-piece",clothing
446,n02840245,"binder, ring-binder",paper
447,n02841315,"binoculars, field glasses, opera glasses",tool
448,n02843684,birdhouse,outdoor scene
449,n02859443,boathouse,building
450,n02860847,"bobsled, bobsleigh, bob",vehicle
451,n02865351,"bolo tie, bolo, bola tie, bola",accessory
452,n02869837,"bonnet, poke bonnet",hat
453,n02870880,bookcase,furniture
454,n02871525,"bookshop, bookstore, bookstall",building
455,n02877765,bottlecap,other
456,n02879718,bow,weapon
457,n02883205,"bow tie, bow-tie, bowtie",accessory
458,n02892201,"brass, memorial tablet, plaque",decor
459,n02892767,"brassiere, bra, bandeau",clothing
460,n02894605,"breakwater, groin, groyne, mole, bulwark, seawall, jetty",outdoor scene
461,n02895154,"breastplate, aegis, egis",clothing
462,n02906734,broom,tool
463,n02909870,"bucket, pail",tool
464,n02910353,buckle,accessory
465,n02916936,bulletproof vest,clothing
466,n02917067,"bullet train, bullet",train
467,n02927161,"butcher shop, meat market",building
468,n02930766,"cab, hack, taxi, taxicab",vehicle
469,n02939185,"caldron, cauldron",cooking
470,n02948072,"candle, taper, wax light",tool
471,n02950826,cannon,weapon
472,n02951358,canoe,boat
473,n02951585,"can opener, tin opener",tool
474,n02963159,cardigan,clothing
475,n02965783,car mirror,technology
476,n02966193,"carousel, carrousel, merry-go-round, roundabout, whirligig",building
477,n02966687,"carpenter's kit, tool kit",tool
478,n02971356,carton,container
479,n02974003,car wheel,technology
480,n02977058,"cash machine, cash dispenser, automated teller machine, automatic teller machine, automated teller, automatic teller, ATM",technology
481,n02978881,cassette,technology
482,n02979186,cassette player,electronics
483,n02980441,castle,building
484,n02981792,catamaran,boat
485,n02988304,CD player,electronics
486,n02992211,"cello, violoncello",instrument
487,n02992529,"cellular telephone, cellular phone, cellphone, cell, mobile phone",electronics
488,n02999410,chain,tool
489,n03000134,chainlink fence,fence
490,n03000247,"chain mail, ring mail, mail, chain armor, chain armour, ring armor, ring armour",clothing
491,n03000684,"chain saw, chainsaw",tool
492,n03014705,chest,container
493,n03016953,"chiffonier, commode",furniture
494,n03017168,"chime, bell, gong",instrument
495,n03018349,"china cabinet, china closet",furniture
496,n03026506,Christmas stocking,decor
497,n03028079,"church, church building",building
498,n03032252,"cinema, movie theater, movie theatre, movie house, picture palace",building
499,n03041632,"cleaver, meat cleaver, chopper",cooking
500,n03042490,cliff dwelling,building
501,n03045698,cloak,clothing
502,n03047690,"clog, geta, patten, sabot",clothing
503,n03062245,cocktail shaker,cooking
504,n03063599,coffee mug,cooking
505,n03063689,coffeepot,cooking
506,n03065424,"coil, spiral, volute, whorl, helix",technology
507,n03075370,combination lock,technology
508,n03085013,"computer keyboard, keypad",electronics
509,n03089624,"confectionery, confectionary, candy store",building
510,n03095699,"container ship, containership, container vessel",boat
511,n03100240,convertible,vehicle
512,n03109150,"corkscrew, bottle screw",cooking
513,n03110669,"cornet, horn, trumpet, trump",instrument
514,n03124043,cowboy boot,clothing
515,n03124170,"cowboy hat, ten-gallon hat",clothing
516,n03125729,cradle,furniture
517,n03126707,crane,vehicle
518,n03127747,crash helmet,hat
519,n03127925,crate,container
520,n03131574,"crib, cot",furniture
521,n03133878,Crock Pot,cooking
522,n03134739,croquet ball,ball
523,n03141823,crutch,tool
524,n03146219,cuirass,clothing
525,n03160309,"dam, dike, dyke",outdoor scene
526,n03179701,desk,furniture
527,n03180011,desktop computer,electronics
528,n03187595,"dial telephone, dial phone",electronics
529,n03188531,"diaper, nappy, napkin",clothing
530,n03196217,digital clock,electronics
531,n03197337,digital watch,electronics
532,n03201208,"dining table, board",furniture
533,n03207743,"dishrag, dishcloth",decor
534,n03207941,"dishwasher, dish washer, dishwashing machine",electronics
535,n03208938,"disk brake, disc brake",technology
536,n03216828,"dock, dockage, docking facility",outdoor scene
537,n03218198,"dogsled, dog sled, dog sleigh",vehicle
538,n03220513,dome,building
539,n03223299,"doormat, welcome mat",decor
540,n03240683,"drilling platform, offshore rig",outdoor scene
541,n03249569,"drum, membranophone, tympan",instrument
542,n03250847,drumstick,instrument
543,n03255030,dumbbell,tool
544,n03259280,Dutch oven,cooking
545,n03271574,"electric fan, blower",electronics
546,n03272010,electric guitar,instrument
547,n03272562,electric locomotive,train
548,n03290653,entertainment center,furniture
549,n03291819,envelope,paper
550,n03297495,espresso maker,cooking
551,n03314780,face powder,other
552,n03325584,"feather boa, boa",accessory
553,n03337140,"file, file cabinet, filing cabinet",furniture
554,n03344393,fireboat,boat
555,n03345487,"fire engine, fire truck",vehicle
556,n03347037,"fire screen, fireguard",furniture
557,n03355925,"flagpole, flagstaff",outdoor scene
558,n03372029,"flute, transverse flute",instrument
559,n03376595,folding chair,furniture
560,n03379051,football helmet,sports equipment
561,n03384352,forklift,vehicle
562,n03388043,fountain,outdoor scene
563,n03388183,fountain pen,tool
564,n03388549,four-poster,furniture
565,n03393912,freight car,train
566,n03394916,"French horn, horn",instrument
567,n03400231,"frying pan, frypan, skillet",cooking
568,n03404251,fur coat,clothing
569,n03417042,"garbage truck, dustcart",vehicle
570,n03424325,"gasmask, respirator, gas helmet",accessory
571,n03425413,"gas pump, gasoline pump, petrol pump, island dispenser",technology
572,n03443371,goblet,cooking
573,n03444034,go-kart,vehicle
574,n03445777,golf ball,ball
575,n03445924,"golfcart, golf cart",vehicle
576,n03447447,gondola,boat
577,n03447721,"gong, tam-tam",instrument
578,n03450230,gown,clothing
579,n03452741,"grand piano, grand",instrument
580,n03457902,"greenhouse, nursery, glasshouse",building
581,n03459775,"grille, radiator grille",vehicle
582,n03461385,"grocery store, grocery, food market, market",building
583,n03467068,guillotine,weapon
584,n03476684,hair slide,accessory
585,n03476991,hair spray,other
586,n03478589,half track,vehicle
587,n03481172,hammer,tool
588,n03482405,hamper,decor
589,n03483316,"hand blower, blow dryer, blow drier, hair dryer, hair drier",electronics
590,n03485407,"hand-held computer, hand-held microcomputer",electronics
591,n03485794,"handkerchief, hankie, hanky, hankey",accessory
592,n03492542,"hard disc, hard disk, fixed disk",electronics
593,n03494278,"harmonica, mouth organ, harp, mouth harp",instrument
594,n03495258,harp,instrument
595,n03496892,"harvester, reaper",vehicle
596,n03498962,hatchet,tool
597,n03527444,holster,weapon
598,n03529860,"home theater, home theatre",building
599,n03530642,honeycomb,other
600,n03532672,"hook, claw",tool
601,n03534580,"hoopskirt, crinoline",clothing
602,n03535780,"horizontal bar, high bar",sports equipment
603,n03538406,"horse cart, horse-cart",vehicle
604,n03544143,hourglass,technology
605,n03584254,iPod,electronics
606,n03584829,"iron, smoothing iron",tool
607,n03590841,jack-o'-lantern,fruit
608,n03594734,"jean, blue jean, denim",clothing
609,n03594945,"jeep, landrover",vehicle
610,n03595614,"jersey, T-shirt, tee shirt",clothing
611,n03598930,jigsaw puzzle,paper
612,n03599486,"jinrikisha, ricksha, rickshaw",vehicle
613,n03602883,joystick,electronics
614,n03617480,kimono,clothing
615,n03623198,knee pad,clothing
616,n03627232,knot,other
617,n03630383,"lab coat, laboratory coat",clothing
618,n03633091,ladle,cooking
619,n03637318,"lampshade, lamp shade",decor
620,n03642806,"laptop, laptop computer",electronics
621,n03649909,"lawn mower, mower",vehicle
622,n03657121,"lens cap, lens cover",technology
623,n03658185,"letter opener, paper knife, paperknife",tool
624,n03661043,library,building
625,n03662601,lifeboat,boat
626,n03666591,"lighter, light, igniter, ignitor",tool
627,n03670208,"limousine, limo",vehicle
628,n03673027,"liner, ocean liner",boat
629,n03676483,"lipstick, lip rouge",accessory
630,n03680355,Loafer,clothing
631,n03690938,lotion,other
632,n03691459,"loudspeaker, speaker, speaker unit, loudspeaker system, speaker system",electronics
633,n03692522,"loupe, jeweler's loupe",tool
634,n03697007,"lumbermill, sawmill",building
635,n03706229,magnetic compass,tool
636,n03709823,"mailbag, postbag",accessory
637,n03710193,"mailbox, letter box",furniture
638,n03710637,maillot,clothing
639,n03710721,"maillot, tank suit",clothing
640,n03717622,manhole cover,outdoor scene
641,n03720891,maraca,instrument
642,n03721384,"marimba, xylophone",instrument
643,n03724870,mask,clothing
644,n03729826,matchstick,tool
645,n03733131,maypole,outdoor scene
646,n03733281,"maze, labyrinth",outdoor scene
647,n03733805,measuring cup,cooking
648,n03742115,"medicine chest, medicine cabinet",container
649,n03743016,"megalith, megalithic structure",outdoor scene
650,n03759954,"microphone, mike",electronics
651,n03761084,"microwave, microwave oven",electronics
652,n03763968,military uniform,clothing
653,n03764736,milk can,container
654,n03769881,minibus,vehicle
655,n03770439,"miniskirt, mini",clothing
656,n03770679,minivan,vehicle
657,n03773504,missile,weapon
658,n03775071,mitten,clothing
659,n03775546,mixing bowl,cooking
660,n03776460,"mobile home, manufactured home",building
661,n03777568,Model T,vehicle
662,n03777754,modem,electronics
663,n03781244,monastery,building
664,n03782006,monitor,electronics
665,n03785016,moped,vehicle
666,n03786901,mortar,cooking
667,n03787032,mortarboard,hat
668,n03788195,mosque,building
669,n03788365,mosquito net,other
670,n03791053,"motor scooter, scooter",vehicle
671,n03792782,"mountain bike, all-terrain bike, off-roader",vehicle
672,n03792972,mountain tent,building
673,n03793489,"mouse, computer mouse",rodent
674,n03794056,mousetrap,technology
675,n03796401,moving van,vehicle
676,n03803284,muzzle,other
677,n03804744,nail,tool
678,n03814639,neck brace,accessory
679,n03814906,necklace,accessory
680,n03825788,nipple,other
681,n03832673,"notebook, notebook computer",paper
682,n03837869,obelisk,building
683,n03838899,"oboe, hautboy, hautbois",instrument
684,n03840681,"ocarina, sweet potato",instrument
685,n03841143,"odometer, hodometer, mileometer, milometer",electronics
686,n03843555,oil filter,technology
687,n03854065,"organ, pipe organ",instrument
688,n03857828,"oscilloscope, scope, cathode-ray oscilloscope, CRO",electronics
689,n03866082,overskirt,clothing
690,n03868242,oxcart,vehicle
691,n03868863,oxygen mask,clothing
692,n03871628,packet,container
693,n03873416,"paddle, boat paddle",sports equipment
694,n03874293,"paddlewheel, paddle wheel",boat
695,n03874599,padlock,technology
696,n03876231,paintbrush,tool
697,n03877472,"pajama, pyjama, pj's, jammies",clothing
698,n03877845,palace,building
699,n03884397,"panpipe, pandean pipe, syrinx",instrument
700,n03887697,paper towel,paper
701,n03888257,"parachute, chute",aircraft
702,n03888605,"parallel bars, bars",sports equipment
703,n03891251,park bench,furniture
704,n03891332,parking meter,electronics
705,n03895866,"passenger car, coach, carriage",vehicle
706,n03899768,"patio, terrace",building
707,n03902125,"pay-phone, pay-station",electronics
708,n03903868,"pedestal, plinth, footstall",furniture
709,n03908618,"pencil box, pencil case",other
710,n03908714,pencil sharpener,tool
711,n03916031,"perfume, essence",other
712,n03920288,Petri dish,lab equipment
713,n03924679,photocopier,electronics
714,n03929660,"pick, plectrum, plectron",instrument
715,n03929855,pickelhaube,hat
716,n03930313,"picket fence, paling",fence
717,n03930630,"pickup, pickup truck",vehicle
718,n03933933,pier,outdoor scene
719,n03935335,"piggy bank, penny bank",decor
720,n03937543,pill bottle,container
721,n03938244,pillow,decor
722,n03942813,ping-pong ball,ball
723,n03944341,pinwheel,toy
724,n03947888,"pirate, pirate ship",person
725,n03950228,"pitcher, ewer",cooking
726,n03954731,"plane, carpenter's plane, woodworking plane",tool
727,n03956157,planetarium,building
728,n03958227,plastic bag,container
729,n03961711,plate rack,decor
730,n03967562,"plow, plough",vehicle
731,n03970156,"plunger, plumber's helper",tool
732,n03976467,"Polaroid camera, Polaroid Land camera",electronics
733,n03976657,pole,sports equipment
734,n03977966,"police van, police wagon, paddy wagon, patrol wagon, wagon, black Maria",vehicle
735,n03980874,poncho,clothing
736,n03982430,"pool table, billiard table, snooker table",furniture
737,n03983396,"pop bottle, soda bottle",food
738,n03991062,"pot, flowerpot",cooking
739,n03992509,potter's wheel,tool
740,n03995372,power drill,electronics
741,n03998194,"prayer rug, prayer mat",decor
742,n04004767,printer,electronics
743,n04005630,"prison, prison house",building
744,n04008634,"projectile, missile",weapon
745,n04009552,projector,electronics
746,n04019541,"puck, hockey puck",sports equipment
747,n04023962,"punching bag, punch bag, punching ball, punchball",sports equipment
748,n04026417,purse,accessory
749,n04033901,"quill, quill pen",tool
750,n04033995,"quilt, comforter, comfort, puff",decor
751,n04037443,"racer, race car, racing car",vehicle
752,n04039381,"racket, racquet",sports equipment
753,n04040759,radiator,electronics
754,n04041544,"radio, wireless",electronics
755,n04044716,"radio telescope, radio reflector",technology
756,n04049303,rain barrel,container
757,n04065272,"recreational vehicle, RV, R.V.",vehicle
758,n04067472,reel,technology
759,n04069434,reflex camera,electronics
760,n04070727,"refrigerator, icebox",furniture
761,n04074963,"remote control, remote",electronics
762,n04081281,"restaurant, eating house, eating place, eatery",building
763,n04086273,"revolver, six-gun, six-shooter",weapon
764,n04090263,rifle,weapon
765,n04099969,"rocking chair, rocker",furniture
766,n04111531,rotisserie,cooking
767,n04116512,"rubber eraser, rubber, pencil eraser",tool
768,n04118538,rugby ball,ball
769,n04118776,"rule, ruler",tool
770,n04120489,running shoe,clothing
771,n04125021,safe,container
772,n04127249,safety pin,tool
773,n04131690,"saltshaker, salt shaker",food
774,n04133789,sandal,clothing
775,n04136333,sarong,clothing
776,n04141076,"sax, saxophone",instrument
777,n04141327,scabbard,weapon
778,n04141975,"scale, weighing machine",electronics
779,n04146614,school bus,vehicle
780,n04147183,schooner,boat
781,n04149813,scoreboard,sports equipment
782,n04152593,"screen, CRT screen",decor
783,n04153751,screw,tool
784,n04154565,screwdriver,tool
785,n04162706,"seat belt, seatbelt",technology
786,n04179913,sewing machine,technology
787,n04192698,"shield, buckler",tool
788,n04200800,"shoe shop, shoe-shop, shoe store",building
789,n04201297,shoji,furniture
790,n04204238,shopping basket,container
791,n04204347,shopping cart,container
792,n04208210,shovel,tool
793,n04209133,shower cap,hat
794,n04209239,shower curtain,decor
795,n04228054,ski,sports equipment
796,n04229816,ski mask,clothing
797,n04235860,sleeping bag,accessory
798,n04238763,"slide rule, slipstick",technology
799,n04239074,sliding door,furniture
800,n04243546,"slot, one-armed bandit",electronics
801,n04251144,snorkel,sports equipment
802,n04252077,snowmobile,vehicle
803,n04252225,"snowplow, snowplough",vehicle
804,n04254120,soap dispenser,decor
805,n04254680,soccer ball,ball
806,n04254777,sock,clothing
807,n04258138,"solar dish, solar collector, solar furnace",technology
808,n04259630,sombrero,hat
809,n04263257,soup bowl,cooking
810,n04264628,space bar,electronics
811,n04265275,space heater,electronics
812,n04266014,space shuttle,aircraft
813,n04270147,spatula,cooking
814,n04273569,speedboat,boat
815,n04275548,"spider web, spider's web",outdoor scene
816,n04277352,spindle,technology
817,n04285008,"sports car, sport car",vehicle
818,n04286575,"spotlight, spot",electronics
819,n04296562,stage,furniture
820,n04310018,steam locomotive,train
821,n04311004,steel arch bridge,outdoor scene
822,n04311174,steel drum,instrument
823,n04317175,stethoscope,tool
824,n04325704,stole,accessory
825,n04326547,stone wall,outdoor scene
826,n04328186,"stopwatch, stop watch",electronics
827,n04330267,stove,furniture
828,n04332243,strainer,cooking
829,n04335435,"streetcar, tram, tramcar, trolley, trolley car",vehicle
830,n04336792,stretcher,furniture
831,n04344873,"studio couch, day bed",furniture
832,n04346328,"stupa, tope",building
833,n04347754,"submarine, pigboat, sub, U-boat",boat
834,n04350905,"suit, suit of clothes",clothing
835,n04355338,sundial,outdoor scene
836,n04355933,sunglass,tool
837,n04356056,"sunglasses, dark glasses, shades",clothing
838,n04357314,"sunscreen, sunblock, sun blocker",other
839,n04366367,suspension bridge,outdoor scene
840,n04367480,"swab, swob, mop",tool
841,n04370456,sweatshirt,clothing
842,n04371430,"swimming trunks, bathing trunks",clothing
843,n04371774,swing,toy
844,n04372370,"switch, electric switch, electrical switch",electronics
845,n04376876,syringe,tool
846,n04380533,table lamp,decor
847,n04389033,"tank, army tank, armored combat vehicle, armoured combat vehicle",vehicle
848,n04392985,tape player,electronics
849,n04398044,teapot,cooking
850,n04399382,"teddy, teddy bear",toy
851,n04404412,"television, television system",electronics
852,n04409515,tennis ball,ball
853,n04417672,"thatch, thatched roof",building
854,n04418357,"theater curtain, theatre curtain",decor
855,n04423845,thimble,tool
856,n04428191,"thresher, thrasher, threshing machine",vehicle
857,n04429376,throne,furniture
858,n04435653,tile roof,building
859,n04442312,toaster,electronics
860,n04443257,"tobacco shop, tobacconist shop, tobacconist",building
861,n04447861,toilet seat,furniture
862,n04456115,torch,tool
863,n04458633,totem pole,outdoor scene
864,n04461696,"tow truck, tow car, wrecker",vehicle
865,n04462240,toyshop,building
866,n04465501,tractor,vehicle
867,n04467665,"trailer truck, tractor trailer, trucking rig, rig, articulated lorry, semi",vehicle
868,n04476259,tray,decor
869,n04479046,trench coat,clothing
870,n04482393,"tricycle, trike, velocipede",vehicle
871,n04483307,trimaran,boat
872,n04485082,tripod,technology
873,n04486054,triumphal arch,outdoor scene
874,n04487081,"trolleybus, trolley coach, trackless trolley",vehicle
875,n04487394,trombone,instrument
876,n04493381,"tub, vat",furniture
877,n04501370,turnstile,technology
878,n04505470,typewriter keyboard,electronics
879,n04507155,umbrella,accessory
880,n04509417,"unicycle, monocycle",vehicle
881,n04515003,"upright, upright piano",instrument
882,n04517823,"vacuum, vacuum cleaner",electronics
883,n04522168,vase,decor
884,n04523525,vault,container
885,n04525038,velvet,other
886,n04525305,vending machine,technology
887,n04532106,vestment,clothing
888,n04532670,viaduct,outdoor scene
889,n04536866,"violin, fiddle",instrument
890,n04540053,volleyball,ball
891,n04542943,waffle iron,electronics
892,n04548280,wall clock,technology
893,n04548362,"wallet, billfold, notecase, pocketbook",accessory
894,n04550184,"wardrobe, closet, press",furniture
895,n04552348,"warplane, military plane",aircraft
896,n04553703,"washbasin, handbasin, washbowl, lavabo, wash-hand basin",container
897,n04554684,"washer, automatic washer, washing machine",electronics
898,n04557648,water bottle,container
899,n04560804,water jug,container
900,n04562935,water tower,outdoor scene
901,n04579145,whiskey jug,container
902,n04579432,whistle,tool
903,n04584207,wig,clothing
904,n04589890,window screen,decor
905,n04590129,window shade,decor
906,n04591157,Windsor tie,accessory
907,n04591713,wine bottle,food
908,n04592741,wing,other
909,n04596742,wok,cooking
910,n04597913,wooden spoon,cooking
911,n04599235,"wool, woolen, woollen",other
912,n04604644,"worm fence, snake fence, snake-rail fence, Virginia fence",fence
913,n04606251,wreck,boat
914,n04612504,yawl,boat
915,n04613696,yurt,building
916,n06359193,"web site, website, internet site, site",technology
917,n06596364,comic book,paper
918,n06785654,"crossword puzzle, crossword",paper
919,n06794110,street sign,outdoor scene
920,n06874185,"traffic light, traffic signal, stoplight",electronics
921,n07248320,"book jacket, dust cover, dust jacket, dust wrapper",paper
922,n07565083,menu,paper
923,n07579787,plate,cooking
924,n07583066,guacamole,food
925,n07584110,consomme,food
926,n07590611,"hot pot, hotpot",cooking
927,n07613480,trifle,food
928,n07614500,"ice cream, icecream",food
929,n07615774,"ice lolly, lolly, lollipop, popsicle",food
930,n07684084,French loaf,food
931,n07693725,"bagel, beigel",food
932,n07695742,pretzel,food
933,n07697313,cheeseburger,food
934,n07697537,"hotdog, hot dog, red hot",food
935,n07711569,mashed potato,food
936,n07714571,head cabbage,vegetable
937,n07714990,broccoli,vegetable
938,n07715103,cauliflower,vegetable
939,n07716358,"zucchini, courgette",fruit
940,n07716906,spaghetti squash,fruit
941,n07717410,acorn squash,fruit
942,n07717556,butternut squash,vegetable
943,n07718472,"cucumber, cuke",vegetable
944,n07718747,"artichoke, globe artichoke",vegetable
945,n07720875,bell pepper,vegetable
946,n07730033,cardoon,flower
947,n07734744,mushroom,fungus
948,n07742313,Granny Smith,fruit
949,n07745940,strawberry,fruit
950,n07747607,orange,fruit
951,n07749582,lemon,fruit
952,n07753113,fig,fruit
953,n07753275,"pineapple, ananas",fruit
954,n07753592,banana,fruit
955,n07754684,"jackfruit, jak, jack",fruit
956,n07760859,custard apple,fruit
957,n07768694,pomegranate,fruit
958,n07802026,hay,other
959,n07831146,carbonara,food
960,n07836838,"chocolate sauce, chocolate syrup",food
961,n07860988,dough,food
962,n07871810,"meat loaf, meatloaf",food
963,n07873807,"pizza, pizza pie",food
964,n07875152,potpie,food
965,n07880968,burrito,food
966,n07892512,red wine,food
967,n07920052,espresso,food
968,n07930864,cup,cooking
969,n07932039,eggnog,food
970,n09193705,alp,outdoor scene
971,n09229709,bubble,other
972,n09246464,"cliff, drop, drop-off",outdoor scene
973,n09256479,coral reef,coral
974,n09288635,geyser,outdoor scene
975,n09332890,"lakeside, lakeshore",outdoor scene
976,n09399592,"promontory, headland, head, foreland",outdoor scene
977,n09421951,"sandbar, sand bar",outdoor scene
978,n09428293,"seashore, coast, seacoast, sea-coast",outdoor scene
979,n09468604,"valley, vale",outdoor scene
980,n09472597,volcano,outdoor scene
981,n09835506,"ballplayer, baseball player",person
982,n10148035,"groom, bridegroom",person
983,n10565667,scuba diver,person
984,n11879895,rapeseed,flower
985,n11939491,daisy,flower
986,n12057211,"yellow lady's slipper, yellow lady-slipper, Cypripedium calceolus, Cypripedium parviflorum",flower
987,n12144580,corn,food
988,n12267677,acorn,plant
989,n12620546,"hip, rose hip, rosehip",flower
990,n12768682,"buckeye, horse chestnut, conker",plant
991,n12985857,coral fungus,coral
992,n12998815,agaric,fungus
993,n13037406,gyromitra,fungus
994,n13040303,"stinkhorn, carrion fungus",fungus
995,n13044778,earthstar,fungus
996,n13052670,"hen-of-the-woods, hen of the woods, Polyporus frondosus, Grifola frondosa",fungus
997,n13054560,bolete,fungus
998,n13133613,"ear, spike, capitulum",food
999,n15075141,"toilet tissue, toilet paper, bathroom tissue",other
